{"number_episodes": 7, "episode_rewards": [1001, 1001, 1001, 997, 1001, 1001, 1001], "mean_all_episodes": 1000.4285714285714, "std_all_episodes": 1.3997084244475302}