{"number_episodes": 9, "episode_rewards": [1001, 999, 1001, 999, 1001, 999, 1001, 999, 1001], "mean_all_episodes": 1000.1111111111111, "std_all_episodes": 0.9938079899999065}