{"number_episodes": 11, "episode_rewards": [1001, 1001, 1001, 997, 1001, 1001, 1001, 997, 1001, 1001, 1001], "mean_all_episodes": 1000.2727272727273, "std_all_episodes": 1.5427784316797402}