{"number_episodes": 7, "episode_rewards": [1001, 999, 1001, 999, 1001, 999, 1001], "mean_all_episodes": 1000.1428571428571, "std_all_episodes": 0.989743318610787}