{"number_episodes": 3, "episode_rewards": [1001, 999, 1001], "mean_all_episodes": 1000.3333333333334, "std_all_episodes": 0.9428090415820634}