{"number_episodes": 3, "episode_rewards": [401, 399, 401], "mean_all_episodes": 400.3333333333333, "std_all_episodes": 0.9428090415820634}