{"number_episodes": 3, "episode_rewards": [51, 49, 51], "mean_all_episodes": 50.333333333333336, "std_all_episodes": 0.9428090415820634}