{"number_episodes": 19, "episode_rewards": [1001, 1001, 1001, 997, 1001, 1001, 1001, 997, 1001, 1001, 1001, 997, 1001, 1001, 1001, 997, 1001, 1001, 1001], "mean_all_episodes": 1000.1578947368421, "std_all_episodes": 1.6307298299820705}